pos_x,pos_y,rotation,side,designator,mpn,pack,footprint,value,mount_type
107.5,-77.75,0.0,top,C1,,,C_0603_1608Metric,1u,smt
141.225,-104.0,0.0,top,C10,,,C_0603_1608Metric,1u,smt
128.5,-94.175,90.0,top,C11,,,C_0603_1608Metric,1u,smt
125.5,-79.25,0.0,top,C12,,,C_0603_1608Metric,100n,smt
153.0,-85.75,0.0,top,C13,,,C_0603_1608Metric,100n,smt
147.5,-101.75,0.0,top,C14,,,C_0603_1608Metric,100n,smt
150.75,-102.75,90.0,top,C15,,,C_0603_1608Metric,1u,smt
178.956527,-88.129458,180.0,top,C16,,,C_0603_1608Metric,8p2,smt
132.75,-112.0,90.0,top,C17,,,C_0603_1608Metric,100p,smt
141.225,-105.5,180.0,top,C18,,,C_0603_1608Metric,10n,smt
171.25,-114.248092,180.0,top,C19,,,C_0603_1608Metric,100p,smt
107.75,-83.5,0.0,top,C2,1276-3148-1-ND,,C_0805_2012Metric,22u,smt
177.621169,-114.992163,0.0,top,C20,311-3599-1-ND,,C_0603_1608Metric,100p,smt
179.197529,-109.935083,180.0,top,C21,311-1742-1-ND,,C_0603_1608Metric,8p2,smt
179.260792,-101.401933,0.0,top,C22,399-C0603C150D5GACTUCT-ND,,C_0603_1608Metric,15p,smt
169.491793,-95.943712,90.0,top,C23,311-3599-1-ND,,C_0603_1608Metric,100p,smt
178.911172,-80.753585,0.0,top,C24,,,C_0603_1608Metric,6p8,smt
178.109468,-75.139277,-90.0,top,C25,,,C_0603_1608Metric,22p,smt
172.253544,-99.903815,90.0,top,C26,,,C_0603_1608Metric,100p,smt
171.501918,-89.088059,-90.0,top,C27,,,C_0603_1608Metric,1n,smt
161.25,-78.25,180.0,top,C28,,,CP_EIA-3216-18_Kemet-A,47u,smt
160.75,-81.5,0.0,top,C29,,,C_0805_2012Metric,22p,smt
106.75,-95.0,-90.0,top,C3,,,C_0603_1608Metric,1u,smt
166.539329,-89.089736,-90.0,top,C30,,,C_0603_1608Metric,100p,smt
165.034514,-89.089736,90.0,top,C31,,,C_0603_1608Metric,1n,smt
163.185823,-88.588397,90.0,top,C32,,,CP_EIA-3216-18_Kemet-A,22u,smt
102.75,-78.5,180.0,top,C33,720-1688-1-ND,,C_0603_1608Metric,100n,smt
143.0,-114.25,180.0,top,C34,311-3599-1-ND,,C_0603_1608Metric,100p,smt
150.5,-96.0,90.0,top,C4,,,C_0603_1608Metric,100n,smt
152.5,-95.75,-90.0,top,C5,1276-3148-1-ND,,C_0805_2012Metric,22u,smt
141.4375,-96.0,90.0,top,C6,,,C_0603_1608Metric,10p,smt
141.225,-102.5,180.0,top,C7,,,C_0603_1608Metric,100n,smt
141.225,-101.0,180.0,top,C8,,,C_0603_1608Metric,100n,smt
123.425,-106.25,0.0,top,C9,,,C_0603_1608Metric,100n,smt
117.75,-87.25,0.0,top,D1,160-1479-1-ND,,LED_0603_1608Metric_Pad1.05x0.95mm_HandSolder,Red,smt
161.0,-105.25,90.0,top,D2,160-LTW-C190DA5CT-ND,,LED_0603_1608Metric_Pad1.05x0.95mm_HandSolder,Green,smt
171.5,-81.0,0.0,top,D3,,,SOT-23-3,SP0502BAHT,smt
105.575,-105.75,0.0,top,D4,160-1437-1-ND,,LED_0603_1608Metric_Pad1.05x0.95mm_HandSolder,Yellow,smt
105.575,-104.0,0.0,top,D5,160-1437-1-ND,,LED_0603_1608Metric_Pad1.05x0.95mm_HandSolder,Yellow,smt
105.575,-102.25,0.0,top,D6,160-1437-1-ND,,LED_0603_1608Metric_Pad1.05x0.95mm_HandSolder,Yellow,smt
117.75,-90.5,180.0,top,D7,160-LTST-T180UWETCT-ND,,LED_0603_1608Metric_Pad1.05x0.95mm_HandSolder,White,smt
179.856408,-72.474962,0.0,top,FL1,3157-LFCN-490+CT-ND,,Filter_Mini-Circuits_FV1206,LFCN-490,smt
148.526545,-114.253757,0.0,top,FL2,3157-LFCN-490+CT-ND,,Filter_Mini-Circuits_FV1206,LFCN-490,smt
103.5,-122.75,0.0,top,H1,-,,MountingHole_2.7mm_M2.5_DIN965,MountingHole,tht
161.5,-122.75,0.0,top,H2,-,,MountingHole_2.7mm_M2.5_DIN965,MountingHole,tht
161.5,-73.5,0.0,top,H3,-,,MountingHole_2.7mm_M2.5_DIN965,MountingHole,tht
103.5,-73.5,0.0,top,H4,-,,MountingHole_2.7mm_M2.5_DIN965,MountingHole,tht
132.482,-103.0,180.0,top,IC1,SX1255IWLTRT,,QFN50P500X500X80-33N-D,SX1255,smt
113.75,-120.25,90.0,top,J1,343-CONMHF1-SMD-G-TCT-ND,,U.FL,U.FL,smt
187.761772,-92.594574,180.0,top,J2,343-CONMHF1-SMD-G-TCT-ND,,U.FL,U.FL,smt
108.37,-74.77,-90.0,bottom,J3,-,,PinSocket_2x20_P2.54mm_Vertical,RPi,tht
148.525,-86.0,-90.0,top,J4,,,PinHeader_1x02_P2.54mm_Vertical,WP,tht
107.46,-113.79,0.0,top,J5,,,SMA_Amphenol_901-144_Vertical,SMA,tht
102.75,-88.81,180.0,top,J6,,,PinSocket_1x04_P2.54mm_Vertical,D_I2C OLED,tht
170.18,-73.5,180.0,top,J7,,,USB_C_Receptacle_GCT_USB4125-xx-x_6P_TopMnt_Horizontal,USB_C_Receptacle_PowerOnly_6P,smt
187.5,-84.25,0.0,top,J8,,,SMA_Amphenol_132289_EdgeMount,SMA,smt
152.75,-120.25,90.0,top,J9,343-CONMHF1-SMD-G-TCT-ND,,U.FL,U.FL,smt
106.75,-80.5,-90.0,top,L1,490-1046-1-ND,,L_0805_2012Metric,600 ohm/100MHz,smt
124.9625,-116.0375,90.0,top,L2,,,L_0603_1608Metric,82n,smt
124.2125,-113.7875,0.0,top,L3,,,L_0603_1608Metric,39n,smt
172.248844,-95.192053,180.0,top,L4,,,L_0603_1608Metric,68n,smt
174.75,-90.25,180.0,top,L5,,,L_1008_2520Metric,18n,smt
178.135148,-85.902107,-90.0,top,L6,,,L_0603_1608Metric,4n7,smt
165.5,-81.5,180.0,top,L7,,,L_1206_3216Metric,120 ohm/100MHz,smt
147.75,-104.5,180.0,top,Q1,3372-BSS84TR-ND,,SOT-23,BSS84,smt
160.0,-98.0,0.0,top,Q2,3372-BSS84TR-ND,,SOT-23,BSS84,smt
142.9375,-96.0,90.0,top,R1,,,R_0603_1608Metric,10K,smt
147.75,-82.25,0.0,top,R10,,,R_0603_1608Metric,1K,smt
130.175,-79.25,180.0,top,R11,,,R_0603_1608Metric,1M,smt
130.175,-81.0,180.0,top,R12,,,R_0603_1608Metric,330R,smt
130.175,-84.25,180.0,top,R13,,,R_0603_1608Metric,1M,smt
137.75,-94.175,-90.0,top,R14,,,R_0603_1608Metric,33R,smt
147.75,-80.75,0.0,top,R15,,,R_0603_1608Metric,3K3,smt
136.25,-94.175,-90.0,top,R16,,,R_0603_1608Metric,33R,smt
134.75,-94.175,-90.0,top,R17,,,R_0603_1608Metric,330R,smt
133.25,-94.175,-90.0,top,R18,,,R_0603_1608Metric,330R,smt
131.75,-94.175,-90.0,top,R19,,,R_0603_1608Metric,330R,smt
148.0,-92.0,90.0,top,R2,,,R_0603_1608Metric,0R,smt
130.25,-94.175,-90.0,top,R20,,,R_0603_1608Metric,33R,smt
123.425,-98.75,0.0,top,R21,,,R_0603_1608Metric,330R,smt
123.425,-100.25,0.0,top,R22,,,R_0603_1608Metric,33R,smt
123.425,-101.75,0.0,top,R23,,,R_0603_1608Metric,330R,smt
123.425,-103.25,0.0,top,R24,,,R_0603_1608Metric,330R,smt
117.5,-101.75,90.0,top,R25,,,R_0603_1608Metric,10K,smt
161.5,-85.25,180.0,bottom,R26,,,R_2010_5025Metric_Pad1.40x2.65mm_HandSolder,0R,smt
177.621169,-113.509504,0.0,top,R27,,,R_0603_1608Metric,51R,smt
123.425,-104.75,0.0,top,R28,,,R_0603_1608Metric,33R,smt
161.51666,-95.272198,180.0,bottom,R29,,,R_2010_5025Metric_Pad1.40x2.65mm_HandSolder,0R,smt
137.75,-103.5,90.0,top,R3,,,R_0603_1608Metric,1R,smt
153.25,-105.5,180.0,top,R30,,,R_0603_1608Metric,330R,smt
153.25,-103.5,0.0,top,R31,,,R_0603_1608Metric,1R,smt
161.5,-117.0,180.0,bottom,R32,,,R_2010_5025Metric_Pad1.40x2.65mm_HandSolder,0R,smt
121.0,-87.25,180.0,top,R33,,,R_0603_1608Metric,1K5,smt
169.970435,-99.127247,180.0,top,R34,,,R_0603_1608Metric,270R,smt
166.956006,-99.129911,180.0,top,R35,,,R_0603_1608Metric,10R,smt
108.825,-105.75,0.0,top,R36,,,R_0603_1608Metric,1K5,smt
108.825,-104.0,0.0,top,R37,,,R_0603_1608Metric,1K5,smt
108.824078,-102.265357,0.0,top,R38,541-1.5KGCT-ND,,R_0603_1608Metric,1K5,smt
116.75,-93.25,-90.0,top,R39,,,R_0603_1608Metric,3K3,smt
127.0,-94.175,-90.0,top,R4,,,R_0603_1608Metric,1R,smt
178.442125,-106.615425,90.0,top,R40,,,R_0603_1608Metric,4R3,smt
166.701457,-95.199622,180.0,top,R41,541-62.0HCT-ND,,R_0603_1608Metric,62R,smt
158.25,-94.0,0.0,top,R42,541-330HCT-ND,,R_0603_1608Metric,33R,smt
158.25,-102.5,0.0,top,R43,541-1.00HHCT-ND,,R_0603_1608Metric,0R,smt
161.0,-101.9,90.0,top,R44,541-3.30KHCT-ND,,R_0603_1608Metric,3K3,smt
111.5,-80.25,90.0,top,R45,541-33.0HCT-ND,,R_0603_1608Metric,33R,smt
113.0,-80.25,90.0,top,R46,541-33.0HCT-ND,,R_0603_1608Metric,33R,smt
113.75,-114.5,90.0,top,R47,541-1.00HHCT-ND,,R_0603_1608Metric,0R,smt
183.25,-85.5,-90.0,top,R48,541-1.00HHCT-ND,,R_0603_1608Metric,0R,smt
152.75,-115.0,-90.0,top,R49,541-1.00HHCT-ND,,R_0603_1608Metric,0R,smt
118.75,-81.0,180.0,top,R5,,,R_0603_1608Metric,330R,smt
125.0,-85.0,0.0,top,R6,,,R_0603_1608Metric,330R,smt
118.75,-82.75,180.0,top,R7,,,R_0603_1608Metric,0R,smt
130.175,-82.5,180.0,top,R8,,,R_0603_1608Metric,330R,smt
147.75,-79.25,0.0,top,R9,,,R_0603_1608Metric,3K3,smt
109.9,-88.8,0.0,top,U1,MCP1703T-3302E/DBCT-ND,,SOT-223-3_TabPin2,MCP1703Ax-330xxDB,smt
154.775,-81.25,180.0,top,U2,24LC256-I/SN-ND,,SOIC-8_3.9x4.9mm_P1.27mm,24LC256,smt
124.25,-82.25,0.0,top,U3,1727-5983-1-ND,TSSOP8-8 Nexperia USA Inc.,SOP65P400X110-8N,74LVC1G74DP_125,smt
177.93,-97.18,90.0,top,U4,,,QFN50P400X400X90-25N,TQP7M9106,smt
112.15,-98.0,-90.0,top,U5,,,SOT-23-6_Handsoldering,SRV05-4,smt
119.15,-113.77,0.0,top,X1,,,Filter_SAW-6_3.8x3.8mm,TA0655A,smt
146.9,-95.85,180.0,top,Y1,114-TG2520SMN38.4000M-MCGNNM3CT-ND,,Crystal_SMD_3225-4Pin_3.2x2.5mm,38.4MHz,smt
